label,temperature_K,pressure_bar,electronic_energy_eV,zero_point_energy_eV,thermal_enthalpy_eV,entropy_eV_per_K,minus_TS_eV,correction_eV,enthalpy_eV,free_energy_eV
o2,0.0,1.0,-9.88472388,0.09716678594928078,0.0,0.0,-0.0,0.0,-9.787557094050719,-9.787557094050719
sno2,0.0,,-37.31192309,0.39707921249579986,0.0,0.0,-0.0,0.0,-36.914843877504204,-36.914843877504204
sn,0.0,,-30.77105207,0.16848881641646035,0.0,0.0,-0.0,0.0,-30.60256325358354,-30.60256325358354
o2,298.15,1.0,-9.88472388,0.09716678594928078,0.09002491873738866,0.0021291996097984873,-0.634820863661419,0.0,-9.69753217531333,-10.33235303897475
sno2,298.15,,-37.31192309,0.39707921249579986,0.19158068102273465,0.0011382006733928604,-0.3393545307720813,0.0,-36.72326319648147,-37.06261772725355
sn,298.15,,-30.77105207,0.16848881641646035,0.4573947288463298,0.0035770517963252873,-1.0664979930743843,0.0,-30.14516852473721,-31.211666517811594
o2,600.0,1.0,-9.88472388,0.09716678594928078,0.18560342155819706,0.002349505423248947,-1.4097032539493684,0.0,-9.601953672492522,-11.01165692644189
sno2,600.0,,-37.31192309,0.39707921249579986,0.5916598079504511,0.0020550870644998323,-1.2330522386998994,0.0,-36.323184069553754,-37.55623630825365
sn,600.0,,-30.77105207,0.16848881641646035,1.062475082724044,0.004977117293772062,-2.986270376263237,0.0,-29.540088170859494,-32.52635854712273
o2,1000.0,1.0,-9.88472388,0.09716678594928078,0.3243711497737279,0.002526118542102925,-2.526118542102925,0.0,-9.46318594427699,-11.989304486379915
sno2,1000.0,,-37.31192309,0.39707921249579986,1.175845324717498,0.002799654025959346,-2.799654025959346,0.0,-35.738998552786704,-38.53865257874605
sn,1000.0,,-30.77105207,0.16848881641646035,1.873038861458628,0.006012047738078837,-6.012047738078837,0.0,-28.72952439212491,-34.74157213020375
