delta_mu_O_eV,gamma_slab_o_Jm2,gamma_slab_sno_Jm2,gamma_slab_sn2o_Jm2,stable_termination,in_stability_window
-2.434441657200068,1.033307798649736,0.8524925794257147,0.08745819207862603,slab_sn2o,True
-2.4222694489140677,1.033307798649736,0.8614133362367851,0.10529970570076687,slab_sn2o,True
-2.4100972406280676,1.033307798649736,0.8703340930479387,0.12314121932307436,slab_sn2o,True
-2.397925032342067,1.033307798649736,0.8792548498590093,0.14098273294521518,slab_sn2o,True
-2.385752824056067,1.033307798649736,0.8881756066700796,0.15882424656735603,slab_sn2o,True
-2.3735806157700665,1.033307798649736,0.8970963634812333,0.1766657601896635,slab_sn2o,True
-2.361408407484066,1.033307798649736,0.9060171202923037,0.19450727381180435,slab_sn2o,True
-2.349236199198066,1.033307798649736,0.9149378771033742,0.2123487874339452,slab_sn2o,True
-2.3370639909120654,1.033307798649736,0.9238586339145279,0.23019030105625266,slab_sn2o,True
-2.3248917826260653,1.033307798649736,0.9327793907255983,0.24803181467839353,slab_sn2o,True
-2.312719574340065,1.033307798649736,0.9417001475367521,0.26587332830070104,slab_sn2o,True
-2.3005473660540643,1.033307798649736,0.9506209043478225,0.28371484192284185,slab_sn2o,True
-2.288375157768064,1.033307798649736,0.959541661158893,0.30155635554498267,slab_sn2o,True
-2.2762029494820637,1.033307798649736,0.9684624179700466,0.3193978691672901,slab_sn2o,True
-2.2640307411960636,1.033307798649736,0.9773831747811171,0.33723938278943094,slab_sn2o,True
-2.251858532910063,1.033307798649736,0.9863039315921874,0.35508089641157187,slab_sn2o,True
-2.2396863246240626,1.033307798649736,0.9952246884033412,0.3729224100338793,slab_sn2o,True
-2.2275141163380625,1.033307798649736,1.0041454452144116,0.39076392365602014,slab_sn2o,True
-2.215341908052062,1.033307798649736,1.0130662020254821,0.40860543727816095,slab_sn2o,True
-2.203169699766062,1.033307798649736,1.0219869588366357,0.42644695090046847,slab_sn2o,True
-2.1909974914800614,1.033307798649736,1.0309077156477062,0.44428846452260934,slab_sn2o,True
-2.178825283194061,1.033307798649736,1.0398284724587767,0.46212997814475015,slab_sn2o,True
-2.166653074908061,1.033307798649736,1.0487492292699303,0.4799714917670576,slab_sn2o,True
-2.1544808666220603,1.033307798649736,1.0576699860810008,0.4978130053891985,slab_sn2o,True
-2.14230865833606,1.033307798649736,1.0665907428920713,0.5156545190113393,slab_sn2o,True
-2.1301364500500597,1.033307798649736,1.075511499703225,0.5334960326336468,slab_sn2o,True
-2.117964241764059,1.033307798649736,1.0844322565142954,0.5513375462557876,slab_sn2o,True
-2.105792033478059,1.033307798649736,1.093353013325366,0.5691790598779285,slab_sn2o,True
-2.0936198251920586,1.033307798649736,1.1022737701365195,0.587020573500236,slab_sn2o,True
-2.0814476169060585,1.033307798649736,1.11119452694759,0.6048620871223768,slab_sn2o,True
-2.069275408620058,1.033307798649736,1.1201152837586603,0.6227036007445177,slab_sn2o,True
-2.0571032003340575,1.033307798649736,1.1290360405698143,0.6405451143668252,slab_sn2o,True
-2.0449309920480574,1.033307798649736,1.1379567973808844,0.658386627988966,slab_sn2o,True
-2.032758783762057,1.033307798649736,1.1468775541920384,0.6762281416112734,slab_sn2o,True
-2.020586575476057,1.033307798649736,1.1557983110031087,0.6940696552334142,slab_sn2o,True
-2.0084143671900563,1.033307798649736,1.164719067814179,0.711911168855555,slab_sn2o,True
-1.996242158904056,1.033307798649736,1.173639824625333,0.7297526824778625,slab_sn2o,True
-1.9840699506180557,1.033307798649736,1.1825605814364033,0.7475941961000034,slab_sn2o,True
-1.9718977423320552,1.033307798649736,1.1914813382474738,0.7654357097221443,slab_sn2o,True
-1.9597255340460549,1.033307798649736,1.2004020950586274,0.7832772233444518,slab_sn2o,True
-1.9475533257600546,1.033307798649736,1.209322851869698,0.8011187369665926,slab_sn2o,True
-1.9353811174740543,1.033307798649736,1.2182436086807684,0.8189602505887335,slab_sn2o,True
-1.923208909188054,1.033307798649736,1.227164365491922,0.8368017642110409,slab_sn2o,True
-1.9110367009020535,1.033307798649736,1.2360851223029925,0.8546432778331817,slab_sn2o,True
-1.8988644926160532,1.033307798649736,1.245005879114063,0.8724847914553225,slab_sn2o,True
-1.8866922843300529,1.033307798649736,1.2539266359252166,0.89032630507763,slab_sn2o,True
-1.8745200760440524,1.033307798649736,1.262847392736287,0.9081678186997709,slab_sn2o,True
-1.8623478677580523,1.033307798649736,1.2717681495473576,0.9260093323219117,slab_sn2o,True
-1.8501756594720518,1.033307798649736,1.2806889063585112,0.9438508459442193,slab_sn2o,True
-1.8380034511860515,1.033307798649736,1.2896096631695817,0.9616923595663601,slab_sn2o,True
-1.8258312429000512,1.033307798649736,1.2985304199807355,0.9795338731886676,slab_sn2o,True
-1.8136590346140506,1.033307798649736,1.3074511767918058,0.9973753868108084,slab_sn2o,True
-1.8014868263280506,1.033307798649736,1.3163719336028763,1.0152169004329494,slab_sn2o,True
-1.78931461804205,1.033307798649736,1.32529269041403,1.0330584140552568,slab_sn2o,True
-1.7771424097560498,1.033307798649736,1.3342134472251004,1.0508999276773976,slab_o,True
-1.7649702014700495,1.033307798649736,1.3431342040361707,1.0687414412995384,slab_o,True
-1.752797993184049,1.033307798649736,1.3520549608473247,1.086582954921846,slab_o,True
-1.7406257848980489,1.033307798649736,1.3609757176583948,1.1044244685439866,slab_o,True
-1.7284535766120483,1.033307798649736,1.3698964744694653,1.1222659821661276,slab_o,True
-1.716281368326048,1.033307798649736,1.378817231280619,1.140107495788435,slab_o,True
-1.7041091600400478,1.033307798649736,1.3877379880916896,1.157949009410576,slab_o,True
-1.6919369517540472,1.033307798649736,1.3966587449027599,1.1757905230327168,slab_o,True
-1.6797647434680472,1.033307798649736,1.4055795017139137,1.1936320366550242,slab_o,True
-1.6675925351820466,1.033307798649736,1.4145002585249842,1.2114735502771652,slab_o,True
-1.6554203268960463,1.033307798649736,1.4234210153360545,1.2293150638993058,slab_o,True
-1.643248118610046,1.033307798649736,1.4323417721472083,1.2471565775216134,slab_o,True
-1.6310759103240455,1.033307798649736,1.4412625289582788,1.2649980911437542,slab_o,True
-1.6189037020380455,1.033307798649736,1.4501832857693493,1.282839604765895,slab_o,True
-1.606731493752045,1.033307798649736,1.4591040425805029,1.3006811183882023,slab_o,True
-1.5945592854660446,1.033307798649736,1.4680247993915734,1.3185226320103434,slab_o,True
-1.5823870771800443,1.033307798649736,1.476945556202644,1.3363641456324844,slab_o,True
-1.5702148688940438,1.033307798649736,1.4858663130137975,1.3542056592547917,slab_o,True
-1.5580426606080438,1.033307798649736,1.494787069824868,1.3720471728769326,slab_o,True
-1.5458704523220432,1.033307798649736,1.5037078266360215,1.38988868649924,slab_o,True
-1.533698244036043,1.033307798649736,1.512628583447092,1.407730200121381,slab_o,True
-1.5215260357500426,1.033307798649736,1.5215493402581624,1.4255717137435215,slab_o,True
-1.5093538274640421,1.033307798649736,1.5304700970693161,1.443413227365829,slab_o,True
-1.497181619178042,1.033307798649736,1.5393908538803864,1.46125474098797,slab_o,True
-1.4850094108920415,1.033307798649736,1.548311610691457,1.4790962546101107,slab_o,True
-1.4728372026060412,1.033307798649736,1.557232367502611,1.4969377682324183,slab_o,True
-1.460664994320041,1.033307798649736,1.566153124313681,1.5147792818545591,slab_o,True
-1.4484927860340404,1.033307798649736,1.5750738811247516,1.5326207954767002,slab_o,True
-1.4363205777480403,1.033307798649736,1.5839946379359053,1.5504623090990075,slab_o,True
-1.4241483694620398,1.033307798649736,1.5929153947469756,1.5683038227211483,slab_o,True
-1.4119761611760395,1.033307798649736,1.6018361515580462,1.5861453363432891,slab_o,True
-1.3998039528900392,1.033307798649736,1.6107569083692,1.6039868499655967,slab_o,True
-1.387631744604039,1.033307798649736,1.6196776651802705,1.6218283635877373,slab_o,True
-1.3754595363180384,1.033307798649736,1.6285984219913408,1.6396698772098783,slab_o,True
-1.3632873280320381,1.033307798649736,1.6375191788024945,1.657511390832186,slab_o,True
-1.3511151197460378,1.033307798649736,1.646439935613565,1.6753529044543267,slab_o,True
-1.3389429114600375,1.033307798649736,1.6553606924247186,1.6931944180766343,slab_o,True
-1.3267707031740372,1.033307798649736,1.6642814492357891,1.7110359316987749,slab_o,True
-1.3145984948880367,1.033307798649736,1.6732022060468597,1.728877445320916,slab_o,True
-1.3024262866020364,1.033307798649736,1.6821229628580132,1.7467189589432233,slab_o,True
-1.2902540783160361,1.033307798649736,1.6910437196690837,1.764560472565364,slab_o,True
-1.2780818700300358,1.033307798649736,1.699964476480154,1.782401986187505,slab_o,True
-1.2659096617440353,1.033307798649736,1.7088852332913078,1.8002434998098125,slab_o,True
-1.253737453458035,1.033307798649736,1.7178059901023783,1.8180850134319533,slab_o,True
-1.2415652451720347,1.033307798649736,1.7267267469134486,1.835926527054094,slab_o,True
-1.2293930368860344,1.033307798649736,1.7356475037246024,1.8537680406764017,slab_o,True
-1.217220828600034,1.033307798649736,1.7445682605356727,1.8716095542985425,slab_o,True
-1.2050486203140336,1.033307798649736,1.7534890173467432,1.8894510679206833,slab_o,True
-1.1928764120280333,1.033307798649736,1.7624097741578968,1.9072925815429906,slab_o,True
-1.180704203742033,1.033307798649736,1.7713305309689673,1.9251340951651317,slab_o,True
-1.1685319954560327,1.033307798649736,1.7802512877800378,1.9429756087872723,slab_o,True
-1.1563597871700324,1.033307798649736,1.7891720445911914,1.9608171224095798,slab_o,True
-1.1441875788840319,1.033307798649736,1.798092801402262,1.9786586360317209,slab_o,True
-1.1320153705980316,1.033307798649736,1.8070135582133324,1.9965001496538615,slab_o,True
-1.1198431623120313,1.033307798649736,1.8159343150244862,2.014341663276169,slab_o,True
-1.107670954026031,1.033307798649736,1.8248550718355565,2.03218317689831,slab_o,True
-1.0954987457400307,1.033307798649736,1.833775828646627,2.0500246905204507,slab_o,True
-1.0833265374540302,1.033307798649736,1.8426965854577808,2.0678662041427582,slab_o,True
-1.0711543291680299,1.033307798649736,1.851617342268851,2.085707717764899,slab_o,True
-1.0589821208820296,1.033307798649736,1.860538099080005,2.103549231387207,slab_o,True
-1.0468099125960293,1.033307798649736,1.8694588558910754,2.1213907450093474,slab_o,True
-1.034637704310029,1.033307798649736,1.878379612702146,2.139232258631488,slab_o,True
-1.0224654960240285,1.033307798649736,1.8873003695132995,2.157073772253796,slab_o,True
-1.0102932877380282,1.033307798649736,1.89622112632437,2.174915285875936,slab_o,True
-0.9981210794520279,1.033307798649736,1.9051418831354403,2.1927567994980772,slab_o,True
-0.9859488711660276,1.033307798649736,1.914062639946594,2.210598313120385,slab_o,True
-0.9737766628800273,1.033307798649736,1.9229833967576644,2.228439826742526,slab_o,True
-0.9616044545940268,1.033307798649736,1.931904153568735,2.2462813403646664,slab_o,True
-0.9494322463080265,1.033307798649736,1.9408249103798887,2.264122853986974,slab_o,True
-0.9372600380220262,1.033307798649736,1.949745667190959,2.281964367609115,slab_o,True
-0.9250878297360259,1.033307798649736,1.9586664240020295,2.2998058812312556,slab_o,True
-0.9129156214500256,1.033307798649736,1.967587180813183,2.317647394853563,slab_o,True
-0.9007434131640251,1.033307798649736,1.9765079376242536,2.3354889084757042,slab_o,True
-0.8885712048780248,1.033307798649736,1.985428694435324,2.3533304220978453,slab_o,True
-0.8763989965920245,1.033307798649736,1.9943494512464777,2.3711719357201524,slab_o,True
-0.8642267883060242,1.033307798649736,2.003270208057548,2.3890134493422934,slab_o,True
-0.8520545800200239,1.033307798649736,2.012190964868702,2.4068549629646006,slab_o,True
-0.8398823717340234,1.033307798649736,2.0211117216797727,2.4246964765867416,slab_o,True
-0.8277101634480231,1.033307798649736,2.030032478490843,2.4425379902088826,slab_o,True
-0.8155379551620228,1.033307798649736,2.038953235301997,2.4603795038311898,slab_o,True
-0.8033657468760225,1.033307798649736,2.047873992113067,2.478221017453331,slab_o,True
-0.7911935385900222,1.033307798649736,2.0567947489241374,2.4960625310754714,slab_o,True
-0.7790213303040217,1.033307798649736,2.065715505735291,2.513904044697779,slab_o,True
-0.7668491220180214,1.033307798649736,2.0746362625463615,2.5317455583199195,slab_o,True
-0.7546769137320211,1.033307798649736,2.083557019357432,2.5495870719420606,slab_o,True
-0.7425047054460208,1.033307798649736,2.0924777761685855,2.5674285855643686,slab_o,True
-0.7303324971600205,1.033307798649736,2.101398532979656,2.5852700991865087,slab_o,True
-0.71816028887402,1.033307798649736,2.1103192897907266,2.6031116128086498,slab_o,True
-0.7059880805880197,1.033307798649736,2.11924004660188,2.6209531264309573,slab_o,True
-0.6938158723020194,1.033307798649736,2.1281608034129507,2.638794640053098,slab_o,True
-0.6816436640160191,1.033307798649736,2.137081560224021,2.656636153675239,slab_o,True
-0.6694714557300188,1.033307798649736,2.1460023170351747,2.6744776672975465,slab_o,True
-0.6572992474440182,1.033307798649736,2.1549230738462453,2.692319180919687,slab_o,True
-0.645127039158018,1.033307798649736,2.163843830657316,2.710160694541828,slab_o,True
-0.6329548308720176,1.033307798649736,2.1727645874684693,2.7280022081641357,slab_o,True
-0.6207826225860174,1.033307798649736,2.18168534427954,2.745843721786277,slab_o,True
-0.608610414300017,1.033307798649736,2.1906061010906104,2.7636852354084174,slab_o,True
-0.5964382060140165,1.033307798649736,2.199526857901764,2.781526749030725,slab_o,True
-0.5842659977280162,1.033307798649736,2.2084476147128345,2.799368262652866,slab_o,True
-0.5720937894420159,1.033307798649736,2.217368371523988,2.817209776275173,slab_o,True
-0.5599215811560156,1.033307798649736,2.2262891283350585,2.835051289897314,slab_o,True
-0.5477493728700153,1.033307798649736,2.235209885146129,2.8528928035194547,slab_o,True
-0.5355771645840148,1.033307798649736,2.2441306419572826,2.8707343171417623,slab_o,True
-0.5234049562980145,1.033307798649736,2.253051398768353,2.8885758307639033,slab_o,True
-0.5112327480120142,1.033307798649736,2.2619721555794237,2.906417344386044,slab_o,True
-0.49906053972601394,1.033307798649736,2.2708929123905772,2.9242588580083515,slab_o,True
-0.48688833144001364,1.033307798649736,2.2798136692016477,2.942100371630492,slab_o,True
-0.4747161231540131,1.033307798649736,2.2887344260127183,2.959941885252633,slab_o,True
-0.46254391486801283,1.033307798649736,2.297655182823872,2.9777833988749403,slab_o,True
-0.45037170658201253,1.033307798649736,2.3065759396349423,2.9956249124970813,slab_o,True
-0.43819949829601224,1.033307798649736,2.315496696446013,3.0134664261192223,slab_o,True
-0.42602729001001194,1.033307798649736,2.3244174532571664,3.0313079397415295,slab_o,True
-0.4138550817240114,1.033307798649736,2.333338210068237,3.0491494533636705,slab_o,True
-0.40168287343801135,1.033307798649736,2.3422589668793075,3.0669909669858115,slab_o,True
-0.3895106651520108,1.033307798649736,2.351179723690461,3.084832480608119,slab_o,True
-0.3773384568660103,1.033307798649736,2.3601004805015315,3.1026739942302597,slab_o,True
-0.36516624858001023,1.033307798649736,2.3690212373126855,3.1205155078525673,slab_o,True
-0.3529940402940097,1.033307798649736,2.3779419941237556,3.1383570214747083,slab_o,True
-0.34082183200800964,1.033307798649736,2.3868627509348257,3.156198535096849,slab_o,True
-0.3286496237220091,1.033307798649736,2.39578350774598,3.1740400487191565,slab_o,True
-0.3164774154360086,1.033307798649736,2.40470426455705,3.1918815623412975,slab_o,True
-0.3043052071500085,1.033307798649736,2.4136250213681203,3.209723075963438,slab_o,True
-0.292132998864008,1.033307798649736,2.4225457781792747,3.2275645895857457,slab_o,True
-0.27996079057800793,1.033307798649736,2.431466534990345,3.2454061032078867,slab_o,True
-0.2677885822920074,1.033307798649736,2.440387291801415,3.2632476168300273,slab_o,True
-0.2556163740060069,1.033307798649736,2.449308048612569,3.281089130452335,slab_o,True
-0.24344416572000682,1.033307798649736,2.4582288054236394,3.2989306440744754,slab_o,True
-0.2312719574340063,1.033307798649736,2.4671495622347095,3.3167721576966165,slab_o,True
-0.21909974914800623,1.033307798649736,2.4760703190458635,3.3346136713189236,slab_o,True
-0.2069275408620057,1.033307798649736,2.484991075856934,3.3524551849410646,slab_o,True
-0.1947553325760052,1.033307798649736,2.4939118326680045,3.3702966985632057,slab_o,True
-0.18258312429000512,1.033307798649736,2.502832589479158,3.388138212185513,slab_o,True
-0.1704109160040046,1.033307798649736,2.5117533462902286,3.405979725807654,slab_o,True
-0.15823870771800452,1.033307798649736,2.520674103101299,3.423821239429795,slab_o,True
-0.146066499432004,1.033307798649736,2.5295948599124527,3.441662753052102,slab_o,True
-0.13389429114600349,1.033307798649736,2.538515616723523,3.459504266674243,slab_o,True
-0.12172208286000341,1.033307798649736,2.5474363735345937,3.477345780296384,slab_o,True
-0.10954987457400289,1.033307798649736,2.5563571303457473,3.495187293918691,slab_o,True
-0.09737766628800237,1.033307798649736,2.565277887156818,3.5130288075408322,slab_o,True
-0.0852054580020023,1.033307798649736,2.5741986439679714,3.53087032116314,slab_o,True
-0.07303324971600178,1.033307798649736,2.583119400779042,3.5487118347852804,slab_o,True
-0.060861041430001706,1.033307798649736,2.5920401575901124,3.5665533484074214,slab_o,True
-0.04868883314400119,1.033307798649736,2.600960914401266,3.584394862029729,slab_o,True
-0.03651662485800067,1.033307798649736,2.6098816712123365,3.60223637565187,slab_o,True
-0.024344416572000593,1.033307798649736,2.618802428023407,3.62007788927401,slab_o,True
-0.012172208286000075,1.033307798649736,2.6277231848345606,3.637919402896318,slab_o,True
0.0,1.033307798649736,2.636643941645631,3.655760916518459,slab_o,True
